Kurs;Supervision;Studierende;Title;Link;Type;Materials, Formats;Text DE;Text EN;
Transcoding Typography;Philipp Koller;Elsa Baptist;Text Filler;https://elsababtist-jpg.github.io/Parameter-Generator/;WWW;;"""Typeflow T/Area ist ein flächenbasiertes Typesetting-Tool, das Sprache und Text als Form verstehen soll. Das Tool soll einen modernen Ansatz im typografischen Layout verbinden, bei dem Sprache nicht nur gelesen, sondern visuell ausgelebt wird. Durch die Transformation von Wörtern in dynamische, flächenbezogene Kompositionen entstehen neue Kompositionen. Zwischen traditioneller Typografie und den erweiterten Möglichkeiten digitaler Gestaltung.
""";X;
Transcoding Typography;Philipp Koller;Sophia Warming;Platzhalter;https://paprikaro.github.io/thingsiwishisaid2/;WWW;;things i wish i said ist ein typographisches Tool, das alles was ungesagt geblieben ist für dich verschlüsselt. In mehreren Schritten werden drei eingegebene Sätze durch Noise verzerrt. Am Ende bleibt eine nur eine Form. Und damit ist hoffentlich alles gesagt.;things i wish i said is a typographical tool, which will encrypt everything you left unsaid for you. In multiple steps the three sentences you have chosen will get distorted. What remains is but a shape. And that should leave nothing unsaid.;
Transcoding Typography;Philipp Koller;Sophia Rhein;Platzhalter;https://so-rh.github.io/Calender-Tool/;WWW;;Wände speichern Zeit in Material, Schichtung und Räumlichkeit. Das typografische Webtool greift die beim Bohren freigelegten Ebenen auf und transformiert sie in abstrahierte, versetzte Formen, aus denen Ziffern hervorgehen. Jede Zahl trägt die Tiefe dieser Layer in sich und lässt sich als Kalender oder Uhr weiterentwickeln. Zeit erscheint als materieller Abdruck und wird als geschichtetes, räumliches Konstrukt sichtbar. ;Walls store time in material, stratification, and space. The typographic web tool picks up on the layers exposed during drilling and transforms them into abstract, offset shapes from which numbers emerge. Each number carries the depth of these layers within it and can be further developed into a calendar or clock. Time appears as a material imprint and becomes visible as a layered, spatial construct. ;
Transcoding Typography;Philipp Koller;Sophia Boni;Things I found;https://sofiaboni-wq.github.io/TRANSCODING-TYPOGRAPHY-Bofi-Tool-1/;WWW;;BofiArchive ist ein Online-Tool zum Entdecken, Schreiben und Experimentieren mit Briefen aus einem persönlichen Archiv, das über einen Zeitraum von mehr als fünf Jahren in verschiedenen Teilen der Welt zusammengestellt wurde.;BofiArchive is an online tool for discovering, writing, and experimenting with letters from a personal archive compiled over a period of more than five years in various parts of the world.;
Transcoding Typography;Philipp Koller;Hannes Altmann;Type keeping;https://h2nnes.github.io/TypeForceOne/;WWW;;Die Schriftlinie (auch Grundlinie) ist in der Typografie die Standlinie der Groß- und Kleinbuchstaben des Lateinischen und ähnlich strukturierter Schriftsysteme. Drop Them Baselines ist der Versuch, diese Struktur partiell oder gar vollständig aufzulösen. Dazu werden Fließtexte „aktiviert“, indem jeder einzelne Buchstabe seine starre Verankerung auf der Grundlinie verliert und als eigenständiges Objekt auf kraftbasierte Mausmanipulationen reagiert. Wie verändern Eingriffe dieser Art das Lesegefühl und den Rhythmus? Welche neuen Textlandschaften entstehen daraus?;The baseline is the invisible line upon which letters rest. Drop Them Baselines is an attempt to partially or even completely dissolve this structure. To do this, continuous text is “activated” by allowing each individual letter to lose its rigid anchoring to the baseline and respond to force-based mouse manipulations as an independent object. How do interventions of this kind change the reading experience and rhythm? What new text landscapes emerge as a result?;
Transcoding Typography;Philipp Koller;Florian Meisner;Handheld Printer;https://florianmeisner.github.io/Mindesthaltbarkeitsdatums-/;WWW;;Imprint ist ein experimentelles typografisches Tool, inspiriert von industriellen Drucktechniken, bei denen eine visuelle Sprache aus Imperfektion entsteht. Text wird in einem interaktiven Druckprozess auf eine digitale Leinwand übertragen, wobei die Interaktion der Nutzer:innen direkten Einfluss auf das Erscheinungsbild des Ergebnisses hat. Indem Imprint funktionale, zweckgebundene Schrift in einen expressiven Raum überführt, begreift es Typografie als einen physischen und zeitlichen Prozess.;Imprint is an experimental typographic tool inspired by industrial printing techniques, where a visual language emerges from imperfection. The tool transfers text onto a digital canvas through an interactive printing process. The way users interact with the canvas directly shapes how type appears, making each imprint a unique result of both human input and machine-like behavior. By shifting functional, utilitarian type into an expressive space, Imprint explores typography as a physical and temporal process rather than a fixed graphic form. ;
Transcoding Typography;Philipp Koller;Alice Aydin;If I had a horse;https://aliceaydin.github.io/Label_Poster_Alice/;WWW;;Ich habe ein Pferd gefunden begreift Typografie als einen offenen, prozessualen Raum und thematisiert Fragen von Autorschaft, Kontrolle und Partizipation. Basierend auf den Beiträgen von Teilnehmenden generiert ein algorithmisches System variable Layouts, ohne eine definitive visuelle Gestaltung vorzugeben. Der Gestaltungsprozess wird durch die Spannung zwischen digitaler Generierung und analoger Sammlung sichtbar. Die Installation stellt eine sich entwickelnde kollektive Publikation dar.;Ich habe ein Pferd gefunden understands typography as an open, processual space and addresses questions of authorship, control, and participation. Based on contributions from participants, an algorithmic system generates variable layouts without specifying a definitive visual design. The design process is made visible through the tension between digital generation and analog collection. The installation represents an evolving collective publication.;
Transcoding Typography;Philipp Koller;Helene Dennewitz;Platzhalter;https://lened02.github.io/Poster_Generator_HD_Code/;WWW;;"""Schreiben. Generieren. Behalten. 
Dieses Tool macht Plakatgestaltung schnell, direkt und experimentell. Mit einem einzigen Klick entsteht ein neues Layout – der Text wird über ein zufallsbasiertes, generatives System angeordnet, ohne direkte manuelle Kontrolle. Statt ein einzelnes finales Plakat zu entwerfen, verschiebt sich der Fokus auf den Vergleich von Varianten, das Reagieren auf Ergebnisse und die Auswahl funktionierender Kombinationen. Der generative Ansatz regt zum Experimentieren an und schlägt Gestaltungsvariationen vor, die im klassischen Entwurfsprozess möglicherweise nicht entstanden wären. Welche Kombinationen fühlen sich richtig an? Was passiert, wenn Geschwindigkeit Kontrolle ersetzt und Generierung Teil des Gestaltungsprozesses wird?""";"""Write text. Generate layouts. Pin the ones you want to keep.
This tool makes poster design fast, direct, and exploratory. With a single click, a new layout is generated—text is arranged through a randomized, generative system, without direct manual control. Instead of designing one fixed poster, the focus shifts to comparing variations, reacting to outcomes, and selecting what works. The generative approach encourages experimentation and proposes layout variations and visual combinations that might not emerge through a traditional design process. Which combinations feel right? What happens when speed replaces control, and generation becomes part of the design process?""";
Transcoding Typography;Philipp Koller;Phuong Mai Do;Subtitles;https://oddmaido.github.io/font-to-voice-code/font_to_voice/;WWW;;FONT SPACE ist ein Tool, mit dem man Schriften nach ihrem Aussehen statt nach ihrem Namen entdecken kann. Dafür wird ein Autoencoder mit Glyphenbildern trainiert und lernt, die visuellen Merkmale jeder Schrift in einem gemeinsamen Merkmalsraum abzulegen. Ähnliche Schriften liegen dort automatisch nah beieinander, unterschiedliche weiter auseinander. Dieser Raum wird als 2D- oder 3D-Ansicht dargestellt, die man wie eine Karte erkunden kann: In Gruppen findet man verwandte Stilrichtungen, per Klick auf einen Punkt sieht man eine Vorschau, und zwischen nahe gelegenen Schriften lassen sich fließende Übergänge in Echtzeit erzeugen. So wird Schriftwahl weniger die Suche nach Namen und mehr das visuelle Erkunden von Formen und Verwandtschaften.;"FONT SPACE is a typographic navigation system built from a learned latent typography space. An autoencoder is trained on glyph images to capture the visual ""DNA"" of each typeface, letting the model learn relationships on its own and place similar fonts near each other. The space is visualized as a 3D/2D galaxy to explore: moving through clusters reveals related styles, selecting a point previews specimens, and blending nearby fonts generates smooth hybrids in real time. A tool to discover type not by name, but by form and relationships.";
Transcoding Typography;Philipp Koller;Yu Ji;Lichen;https://yuuuuujii.github.io/typetool_jiyu3/;WWW;;"""„Riff“ ist eine variable Schrift, die auf kontinuierlicher Veränderung basiert.
Aus einer einzigen Struktur hervorgehend, bewegt sie sich, dehnt sich aus und faltet sich über mehrere Dimensionen hinweg – wie musikalische Improvisation: wiederholend, aber niemals exakt gleich.

Jede Anpassung erzeugt neue Echos zwischen Struktur und Rhythmus, wodurch die Buchstaben atmen, fließen und sich transformieren können.
Durch unterschiedliche Freiheitsgrade und subtile Farbverläufe wird dieselbe Grundform im Laufe der Zeit immer wieder neu ausgelotet.""";"""“Riff” is a variable typeface based on continuous change.
Emerging from a single structure, it moves, stretches, and folds across multiple dimensions—like musical improvisation: repetitive, yet never exactly the same.
Each adjustment generates new echoes between structure and rhythm, allowing the letters to breathe, flow, and transform.
Through varying degrees of freedom and subtle color gradients, the same skeletal form is continuously re-explored over time.""";
Transcoding Typography;Philipp Koller;Suhyeon Lee;Platzhalter;https://su2hyeon.github.io/Fruticose/;WWW;;"""„Frutico"""" überträgt den Wachstumsprozess von Pflanzen konzeptionell und visuell in ein digitales Erlebnis. Mit dem Wachstum der Pflanze entwickeln sich Typografie und Inhalte in Echtzeit weiter und bilden ein organisches, dynamisches Interface. Inspiriert von botanischen Rhythmen betont das Projekt durch Farbe, Form und Bewegung Lebendigkeit und Nachhaltigkeit.
Es erforscht das Potenzial pflanzenbasierter Typografie als interaktives Interface und weckt Neugier durch visuelle Transformation.""";"""""""Frutico"""" draws conceptually and visually on the growth process of plants, translating temporal change into a digital experience. As the plant grows, the typeface evolves in real time and content expands through user-defined parameters, creating an organic and dynamic interface. Inspired by botanical rhythms, the project emphasizes vitality and sustainability through color, form, and motion.
It explores the potential of plant-based typography as an interactive interface, engaging users through curiosity and visual transformation.""";
Transcoding Typography;Philipp Koller;Yuqing Liu;Platzhalter;https://yuqingliu77.github.io/code-upload-drag-and-drop/;WWW;;"""Repeat*3 ist eine experimentelle Website für Typografie. Schrift wird nicht über Lesbarkeit definiert, sondern als visuelle Struktur verstanden, die durch Symmetrie, Rotation, Wiederholung sowie Überlagerung und Differenz stetig verändert wird.
Buchstaben und Zahlen sind Teil eines codebasierten Generierungssystems und wandeln sich mit veränderbaren Parametern von sprachlichen Werkzeugen zu visuellen Objekten.
Das Ergebnis ist keine stabile Schriftart, sondern ein experimentelles Feld typografischer Möglichkeiten. Repeat*3 stellt die Frage: In welcher Form kann Schrift existieren, wenn sie ihre Lesbarkeit verliert?""";"""Repeat*3 is an experimental type design website that treats typography as a visual structure rather than a tool for legibility. Through symmetry, rotation, repetition, and structural layering and subtraction, letterforms are continuously generated and transformed.
Letters and numbers exist within a code-driven system, gradually shifting from linguistic tools to visual objects as parameters change.
What emerges is not a stable, reusable typeface, but an experimental field exploring the structural and visual possibilities of type. Repeat*3 asks: when type loses legibility, in what forms can it continue to exist?""";
Transcoding Typography;Philipp Koller;Linda Piekniewski;Specimen; https://lindaluise.github.io/Transcoding-Typography-Prototype/;WWW;;“Playground” ist ein Web-Tool, das anhand der drei bekannten Funktionen “Scale & Distort”, “Copy & Paste” und “Draw” den Nutzenden dazu einlädt, jegliche Schrift experimentell auszuprobieren. Jede der drei Funktionen ist auf einem eigenen “Playground” konzentriert - einer Benutzeroberfläche, die der Nutzende mithilfe der jeweiligen Funktion selbst gestalten und entdecken kann. Typografische Komponenten, vom Textfeld bis zum einzelnen Buchstaben, werden hier thematisiert. Die daraus entstandenen Elemente können als SVG exportiert und gestalterisch weiterverarbeitet werden.;“Playground” is a web tool that invites users to experiment with any font using three familiar functions: “Scale & Distort”, “Copy & Paste”, and “Draw”. Each of the three functions is concentrated on its own “Playground” – a user interface that users can design and discover for themselves using the respective function. Typographic components, from text fields to individual letters, are addressed here. The resulting elements can be exported as SVG and further processed for design purposes. ;
Transcoding Typography;Philipp Koller;Difei Song;Birdwatch;https://songdifei.github.io/Boids/;WWW;;„FlockType“ ist ein Webtool, das auf dem Boids-Algorithmus und Bitmap-Schriftarten basiert. Boids ist ein künstliches Lebensmodell, das das Schwarmverhalten von Vögeln simuliert. In diesem System repräsentiert jedes Pixel einen Vogel, und diese Vögel bilden durch koordinierte Bewegungen gemeinsam typografische Formen. Jeder Vogel passt seinen Flug kontinuierlich dem Verhalten seiner Nachbarn an, wodurch Komplexität und Gruppenbewegung entstehen. Das System baut auf den drei Grundregeln des Boids-Algorithmus auf – Trennung, Ausrichtung und Kohäsion – und erweitert diese um Heimkehr- und Umherschweifverhalten. Diese zusätzlichen Kräfte lenken die Vögel, während sie versuchen, sich wieder zu Buchstabenformen zusammenzufügen oder frei umherzufliegen. Ziel dieses Tools ist nicht die Praktikabilität, sondern vielmehr ein süßer virtueller Raum zum Beobachten und Lauschen von Vögeln.;“FlockType” is a web-tool based on the Boids algorithm and bitmap fonts. Boids is an artificial life model that simulates the flocking behavior of birds. In this system, each pixel is a bird, and these birds together form typographic shapes through coordinated movement. Each bird continuously adjusts its flight according to the behavior of its neighbors, resulting in complexity and group motion. The system builds upon the three fundamental rules of the Boids algorithm—separation, alignment, and cohesion—and extends them with homing and roaming behaviors. These additional forces guide the birds as they attempt to reassemble into letterforms or drift into free, wandering motion. The goal of this tool is not practicality, but rather to provide a cute virtual space for bird-watching and bird-listening.;
Transcoding Typography;Philipp Koller;Pia Wetzig;Typedresser;https://pia-wetzig.github.io/transcoding-typography-prototyp/;WWW;;X;X;
In Order Of Meaning;Marcel Saidov;Hannes Altmann;&Stift;;BOOK;;&Stift ist ein Katalog, der einen Überblick über alle erhältlichen Stifte des studentischen Gemischtwarenladens Kontor&Stift in der Marienstraße 18 verschaffen soll. Konzeptionell und gestalterisch folgt die Publikation dem Leitgedanken der Initiative: Nicht Gewinn, sondern die faire Bereitstellung nützlicher Produkte steht im Vordergrund.;&Stift is a catalog that provides an overview of all pens available at the student general store Kontor&Stift at Marienstraße 18. In terms of concept and design, the publication follows the guiding principle of the initiative: the focus is not on profit, but on the fair provision of useful products.;
In Order Of Meaning;Marcel Saidov;Elsa Babtist;20.15;;BOOK;;"Diese Publikation untersucht die visuellen Hierarchien der TV-Zeitschrift als kulturelles Dispositiv und zeigt wie ein Medium Aufmerksamkeit ordnet, bevor es gelesen wird. Raster, typografische Gewichtung und wiederkehrende Muster erzeugen Wertigkeiten und Normen, lenken Wahrnehmung und formen Bedeutung. ""20.15"" abstrahiert die grafische Grammatik der TV Direkt und legt Mechanismen offen, mit denen Gestaltung gesellschaftliche Prioritäten visuell codiert. Der Blick richtet sich auf das Unsichtbare. Wie Gestaltung Sichtbarkeit produziert und damit Macht ausübt. ";"This Publication analyzes the visual hierarchies of TV magazines as a cultural devices, revealing how a medium organizes attention before it is read. Grids, typographic emphasis and recurring patterns generate values and norms,  control perception and shape meaning. ""20.15"" abstracts the graphic grammar of the TV-Direkt, exposes the mechanisms through which design visually encodes social priorities. The focus turns toward the invisible. How design produces visibility and with it, power. ";
In Order Of Meaning;Marcel Saidov;James Brummelhuis;A Visual Dissection of the OK-Sign;;BOOK;;"Ausgehend vom Verständnis von Handgesten/Gebärdensprache und visuellen Kommunikationsformen: Wie wird die wahrgenommene Bedeutung einer Handgeste in Frage gestellt? Wo treten kleine Nuancen auf und wie verändert sich die Form des Zeichens je nach Kontext? Und schließlich: Wo wird die Grenze gezogen, um zu sagen, dass es sich nicht um das Original handelt, sondern um etwas Neues? Eine visuelle Analyse des OK-Zeichens versucht, diese Fragen zu beantworten und neue zu stellen, wobei die Mehrdeutigkeit der Bedeutungen des OK-Zeichens im Vordergrund steht. 

";Taking the understanding of hand gestures/sign language and visual forms of communication. How does the perceived meaning that a hand gesture holds get challenged? Where do little nuances appear and how does the shape of the sign change depending on the context. Finally, where does the line get drawn to say this isn’t the original but something new. A Visual Dissection of the OK-Sign deems to try and answer these questions and ask new ones, while keeping the ambiguous nature of the meanings of the OK-sign at the forefront. ;
In Order Of Meaning;Marcel Saidov;Ke-Hsin Chang;In Accordance with the Grid ;;BOOK;;In Accordance with the Grid untersucht das Spannungsfeld zwischen industrieller Normung und visuellem Kollaps. Ausgehend vom Normalformatziegel nach DIN 105 (240 X 115 X 71 mm) entwickelt sich die Arbeit von einem strengen architektonischen Raster bis hin zum „Glitch“, um die Autorität perfekter Ordnung zu hinterfragen. Auf 128 Seiten repetitiver Daten und struktureller Analysen wird erforscht, wie ein einzelnes Modul sowohl eine massive Wand als auch ein zerfallendes System konstruieren kann.;"In Accordance with the Grid, investigates the tension between industrial standardization and visual collapse. Using the DIN 105 brick (240 X 115 X 71 mm) as a primary unit, the work evolves from a rigid architectural grid into a state of ""glitch,"" questioning the authority of perfect order. Through 128 pages of repetitive data and structural analysis, the book explores how a single module can construct both a solid wall and a crumbling system.";
In Order Of Meaning;Marcel Saidov;Helene Dennewitz;YYYY-MM-DDThh:mm:ss;;BOOK;;"YYYY-MM-DDThh:mm:ss ist eine experimentelle Beobachtung vor dem Fenster. Über mehrere Tage hinweg aufgezeichnete Wildkamerabilder zeigen Bewegungen, Spuren und zufällige Momente – meist unscharf, fragmentiert oder leer. Die Fotos werden als ein zusammenhängendes Layout auf einem Druckbogen angeordnet; erst durch den nachträglichen Zuschnitt entstehen einzelne Seiten, deren neue Anordnung und Brüche den Kontext der Bilder verändern und den Betrachter zu neuen Lesarten anregen. Das Projekt hinterfragt Sichtbarkeit, Präsenz und die Existenz dessen, was wir nicht direkt wahrnehmen.";"“YYYY-MM-DDThh:mm:ss” is an experimental observation from the window. Images captured over several days with a wildlife camera reveal movement, traces, and accidental moments—mostly blurred, fragmented, or empty. The photographs are arranged as a single continuous layout on a printed sheet; only through subsequent cutting into individual pages do new divisions and juxtapositions emerge, altering the context of the images and inviting the viewer to perceive new meanings. The project questions visibility, presence, and the existence of what we do not directly perceive.”";
In Order Of Meaning;Marcel Saidov;Mona Kerntke;hyper web;;BOOK;;Diese Publikation ist ein Netz: ein Knowledge Graph aus Wikipedia-Hyperlinks, in dem jeder Artikel auf einen anderen verweist. Lesen wird zur Navigation – zum Folgen eines nicht-linearen Pfades. Es ist ein Versuch, die Komplexität und Verflochtenheit von Information erfahrbar zu machen. Ausgehend vom Artikel Typografie – dem Moment, in dem Wissen sichtbar wird – verzweigt sich der Inhalt über Verlinkungen, Abzweigungen und Schleifen. Leser:innen sind eingeladen, einzutauchen, sich treiben zu lassen und abzudriften.;This book is a web. It is a printed knowledge graph of Wikipedia hyperlinks, where each entry points elsewhere. Reading becomes navigation, the following of a non-linear path. This book is an attempt to make the intertwining complexity of knowledge tangible. Beginning with the article Typography – the moment when knowledge takes visible form – and moving outward through chains of links and loops. This book is an invitation to follow, to drift and to get lost along the way. ;
In Order Of Meaning;Marcel Saidov;Yasmina Khalil;in the name of love;;BOOK;;"""In Deutschland wird jeden zweiten Tag eine Frau von ihrem (Ex-)Partner getötet.
Entgegen verbreiteten medialen Darstellungen als „Eifersuchtsdramen“ oder „Familientragödien“ macht diese Publikation Femizide als strukturelle Form geschlechtsspezifischer Gewalt sichtbar. Das Projekt soll für das Ausmaß und die Regelmäßigkeit von Femiziden sensibilisieren und den systematischen Charakter beleuchten.""";"In Germany, a woman is killed by her (ex) partner every other day.
Contrary to widespread media portrayals as ‘jealousy dramas’ or ‘family tragedies,’ this publication highlights femicide as a structural form of gender-based violence. The project aims to raise awareness of the extent and regularity of femicide and shed light on its systematic nature.";
In Order Of Meaning;Marcel Saidov;Hannah Machajdik;Sonnenbank Flavours;;BOOK;;Sonnenstudios sind Orte ohne Jahreszeiten. Sie produzieren Wärme, Farbe und Versprechen in standardisierten Einheiten. Sonne ist hier nicht Natur, sondern Angebot. Sie lässt sich buchen, dosieren, abbrechen. Sonnenbank Flavours betrachtet Sonnenstudiologos als typografische Systeme künstlicher Sonne. Aus Schriften, Formen und Farben entsteht ein Archiv kontrollierter Sommer.;Tanning salons are places without seasons. They produce warmth, colour, and promise in standardized units. Here, the sun is not nature, but an offer. It can be booked, dosed, interrupted. Sonnenbank Flavours examines tanning salon logos as typographic systems of artificial sun. From typefaces, shapes, and colours, an archive of controlled summers emerges.;
In Order Of Meaning;Marcel Saidov;Sophia Rhein;Left brace, right brace;;BOOK;;Geschweifte Klammern fassen Inhalte zusammen, kombinieren, halten, öffnen und schließen. Die Publikation widmet sich der Klammer als eigenständiges typografisches Zeichen und versammelt eine Auswahl historischer Drucke ab 1500, in denen geschweifte Klammern in unterschiedlichen Funktionen und Ausprägungen erscheinen. Als Liste angelegt, spiegelt das Buch selbst die Logik der Klammer wider und zeigt sie im Zusammenspiel mit ihrem typografischen Umfeld.;Curly braces summarize, combine, hold, open, and close content. This publication focuses on the brace as an independent typographic character and brings together a selection of historical prints from 1500 onwards in which curly braces appear in various functions and forms. Designed as a list, the book itself reflects the logic of the brace and shows it in interaction with its typographic environment.;
In Order Of Meaning;Marcel Saidov;Pia Wetzig;(working title) BEST OF ALL;;BOOK;;X;X;
Handmade Websites as Punk Zines;Insa Deist & Hjördis Lyn Behncken;Sophia Boni;The ultimate Punkzinator;;WWW;;Der Ultimate Punkzinator ist, wie der Name schon sagt, ein Online-Tool, mit dem Sie Ihre eigene Seite erkunden und gestalten können, als würden Sie eine Zine-Seite erstellen. Das Projekt entstand aus einer faszinierenden Reise nach Berlin, um Archive der Underground-Kultur zu entdecken, und aus der anschließenden persönlichen Analyse der Gemeinsamkeiten aller Publikationen.;The ultimate punkzinator, as the name suggests, is an online tool for exploring and creating your own page as if you were creating a zine page. The project was born from a fascinating trip to Berlin to discover archives of underground culture and from subsequent personal analysis of the common points of all the publications.;
Handmade Websites as Punk Zines;Insa Deist & Hjördis Lyn Behncken;Christine Claussen;;;WWW;;X;X;
Handmade Websites as Punk Zines;Insa Deist & Hjördis Lyn Behncken;Angela Dal Zotto;tidbits;;WWW;;"Diese Website ist eine wachsende Sammlung von Notizen, Fun Facts und Beobachtungen aus informellen Gesprächen. Mit jedem neuen Beitrag erweitern sich die Listen und verdichten sich allmählich zu einer dichten, nicht-akademischen Enzyklopädie; einem informellen Archiv aus geteiltem Wissen, Anekdoten und kleinen Wahrheiten.";"This website is a growing collection of tidbits, fun facts, and observations gathered from casual conversations. With each new contribution, the lists expand and accumulate, gradually forming a dense, non-academic encyclopedia; an informal archive of shared knowledge, anecdotes, and minor truths.";
Handmade Websites as Punk Zines;Insa Deist & Hjördis Lyn Behncken;Anna Gagliotti;notes;;WWW;;„Notes“ ist ein Webarchiv mit persönlichen Notizen. Die wichtigsten Quellen dieser Notizen waren meine Mitbewohner, die mich mit neuer Musik, Rezepten und Redewendungen bekannt gemacht haben (alles Dinge, die ich sofort notiert habe).;"""Notes"" is a web archive of personal notes. The main sources of these notes were my roommates, who introduced me to new music, recipes, and idioms (all things I promptly wrote down).";
Handmade Websites as Punk Zines;Insa Deist & Hjördis Lyn Behncken;Baoyi Guo;your diy journey;;WWW;;"""Your DIY Journey ist eine Website, die sieben verschiedene DIY-Tutorials präsentiert.
Folge der Anleitung der Kätzchen, während du durch das Buch blätterst, kreativ wirst und diese Welt mit deinen eigenen Händen erkundest.""";your DIY journey is a website that shares 7 different diy tutorials. Follow the guidance from the kittens as you flip through the book, create, and explore this world with your own hands!;
Handmade Websites as Punk Zines;Insa Deist & Hjördis Lyn Behncken;Clara Helene Else Irmer;;;WWW;;Auf dieser Website kann man gemeinsam mit anderen ein Quatsch-Lyrik-Spiel spielen. Nutzer*Innen können Wörter vergeben, sowie selbst ziehen und diese in ihren Reim einbauen. Die fertigen Gedichte werden dann gespeichert und sind dann für alle Zeit auf der Homepage wiederaufrufbar.;On this website, you can play a collaborative nonsense-poetry game. Users can contribute words, draw random ones, and weave them into their rhymes. The finished poems are saved and remain accessible on the homepage for all eternity;
Handmade Websites as Punk Zines;Insa Deist & Hjördis Lyn Behncken;Melih Gürcan Kutsal;lumpen leftism;;WWW;;"""Lumpen Left ist eine Kritik an der PKK und daran, dass sie keinen Bezug zu linken Ideologien hat. Sie wird durch Populismus unterstützt, aber nicht durch Menschen- oder Arbeitnehmerrechte. Das Buch zeigt Schritt für Schritt, wie die PKK entstanden ist. Die ersten Seiten beschreiben den Aufstieg des Faschismus in der Türkei in den 70er Jahren, wie linke Gruppen in der Türkei mit Unterstützung der USA massakriert wurden und wie die PKK in dieser Zeit gegründet wurde. Auf den letzten Seiten wird dargelegt, warum die PKK in der Türkei als terroristische Vereinigung eingestuft wird und nicht die Kurden, sondern ihre eigenen Interessen vertritt.
""";Lumpen Left is a critique of the PKK, arguing that the organization lacks any real connection to leftist ideologies. It is sustained by populism rather than a commitment to human or workers' rights. The book provides a step-by-step account of the PKK's origins. The opening pages describe the rise of fascism in Turkey in the 1970s, detailing how leftist groups were massacred with US support, and how the PKK was founded during this era. Finally, the book explains why the PKK is designated as a terrorist organization in Turkey, arguing that it serves its own interests rather than those of the Kurdish people;
Handmade Websites as Punk Zines;Insa Deist & Hjördis Lyn Behncken;Florian Meisner;Kies;;WWW;;„Auf der Suche“ befasst sich mit Gefühlen im Zusammenhang mit der Vorstellung einer inneren Gedankenwelt. In einem Raum der Bewegung wird die Suche nach einem Felsen in der Brandung zu einer Metapher für die Suche nach Stabilität in einer unvorhersehbaren Welt.;“On the Search” considers feelings in relation to the notion of an inner landscape. In a space of movement, the search for a rock in the surf becomes a metaphor for the search for stability in an unpredictable world.;
Handmade Websites as Punk Zines;Insa Deist & Hjördis Lyn Behncken;Lili Metz;dumb blond;;WWW;;Dumb Blond zeigt Fragmente eines Stereotyps. Zwischen Mythos, Popkultur und medialer Wiederholung entsteht eine Recherche über blonde Weiblichkeit als Projektionsfläche.;Dumb Blond shows fragments of a stereotype. Between myth, pop culture, and media repetition, the project frames blonde femininity as a surface of projection.;
Handmade Websites as Punk Zines;Insa Deist & Hjördis Lyn Behncken;Elyas Najar;Diaries of a sober stoner;;WWW;;Diaries of Sober Stoner ist eine interaktive Horror Geschichte die sich mit Konsum und Realitäts verschiebung beschäftigt. Und sich dabei aus der klassischen Zine Ästhetik bedient, um einen Handgemachten Eindruck zu erschaffen.;Diaries of a sober stoner is an interactive Horror story that talks about the struggles of addiction and Shifting realities. It uses the classical Zine aesthetic to create a DIY feel.;
Handmade Websites as Punk Zines;Insa Deist & Hjördis Lyn Behncken;Halina Cynara Schiefer;ideen friedhof;;WWW;;Lesbian Loveletters ist ein Ort, an dem all die vergessenen Gedanken und Gefühle, aufgeschrieben, verschickt und konserviert werden. Für alle Liebesbriefe die noch nicht verschickt wurden. Und für alle die vorbeigucken wollen um selbst eine Botschft zu erhalten<3;Lesbian Loveletters is a space, where all of your forgotten thoughts and feelings, can be written down, can be send and conserved. For all of the letters which have never been send. And for all of those who have always wanted to receive a loveletter<3just take a peak!;
Handmade Websites as Punk Zines;Insa Deist & Hjördis Lyn Behncken;Maja Sjöholm;;;WWW;;X;Album cover collection is a collection of beautiful covers and a attempt to bring more awareness and tribute to the designer behind them.;
Handmade Websites as Punk Zines;Insa Deist & Hjördis Lyn Behncken;Lara Traub;betrayal list;;WWW;;"betrayal list ist der ort für all die winzigen dinge, die uns kollektiv fertig machen. wie ein tagebuch, in das man nur an schlechten tagen schreibt.
keine skandale, kein name-dropping. nur langsames wlan, bockige drucker und alltägliche momente, die einen aufregen. eine interaktive website, die einen mit absicht nervt.";"""betrayal list is a collecting point that calls out the tiny things that piss everybody off, like a diary you only write in on bad days.
no scandals, no name-dropping. just slow wifi, printers with attitude, and everyday betrayals. an interactive website that gets on your nerves on purpose.""";
Handmade Websites as Punk Zines;Insa Deist & Hjördis Lyn Behncken;Sophia Warming;BOT/BUG/DOG.;;WWW;;BOT/BUG/DOG. Eine Band, die gar nicht existiert. Und trotzdem hat sie eine Fanwebsite. Und dazu mischen sich auch alle Bandmember ständig noch ein, und schreiben selbst ihre Gedanken zueinander öffentlich auf ihrer Fanpage. Eine kleine Story übers Musik machen und Songs schreiben.;BOT/BUG/DOG. A band that actually doesn't exist. And still. They have a fanwebsite of their own. The bandmember also have their part to tell, and won't stop spilling details about each other publically on their own fanpage. A short story about writing songs and making music.;
Handmade Websites as Punk Zines;Insa Deist & Hjördis Lyn Behncken;Ion Wunderle;VIR.JM;;WWW;;Ein kuratiertes Digitalarchiv für Jungle-Releases der Jahre 1993 - 1999.;;
204 Type-Gazette Issue 06;Marcel Saidov;Franziska Glutig & Luise Motsch;;;BOOK;;Die 204 Type-Gazette ist die jährliche Publikation des Fachbereichs Typografie und Schriftgestaltung der Bauhaus-Universität Weimar, in der die von Studierenden im vergangenen Semester entworfenen Schriften vorgestellt werden.;204 Type-Gazette is the annual publication of the Bauhaus-Universität Weimar, which presents the typefaces designed by students during the past semester of the department Typography and Type Design.;
Bauhaus Master Lectures;Marcel Saidov & Dipl. Des. Adrian Palko;Susan Arian & Jülide Nur Alemdar;;;PRINT;;;;
First Year Introduction;Henry Boebst & Elise Weiland;Henry Boebst & Elise Weiland;TYPO BALLA(NCE): Charming Ligatures;;PRINT;;X;X;
Independent Project;Philipp Koller;Nic Möckel;cinbynic.com;cinbynic.com;WWW;;"""Eine Prototyp-Website für den Launch der Modemarke CIN, die frühe Internet-Ästhetik ohne CSS mit post-Balenciaga-haften, anti-establishment-geprägten Sensibilitäten verbindet.
Eine sorgfältig sorglos wirkende Website.""";"""A prototype website for the launch of the CIN clothing brand, combining early-internet, CSS-less design with post-Balenciaga anti-establishment sensibilities.
A carefully careless-looking website.""";
Independent Project;Marcel Saidov;Ossian Osborne;Durch Fotografie keine Einsichten;;PRINT;;Aus den Ergebnissen des Kooperationsprojekts „Durch Fotografie keine Einsichten“ zwischen Inhaftierten der JVA Chemnitz, die den Frauenvollzug in Sachsen und Thüringen stellt, ist eine Publikation entstanden. Diese hält die Fotografien nachhaltig fest, die im Austausch mit sechs Inhaftierten entstanden sind, und würdigt den besonderen Austausch, den alle Beteiligten durch das Projekt erfahren konnten. „Durch Fotografie keine Einsichten“ beruht auf Kooperation, Austausch und Begegnung – an einem Ort, an dem Frauen ihren Vollzug verbringen.;"""The results of the collaborative project ‘Durch Fotografie keine Einsichten' between inmates at Chemnitz Prison, which houses women prisoners in Saxony and Thuringia, have been published in a book. This publication preserves the photographs taken in collaboration with six inmates and honours the special exchange that all participants were able to experience through the project. ‘Durch Fotografie keine Einsichten’ is based on cooperation, exchange and encounter – in a place where women serve their sentences.
""";
Independent Project;Marcel Saidov;August Guccione;Parameter A;;PRINT;;"""Parameter A ist ein klassisches Kartenspiel mit zusätzlichen audiovisuellen AR-Funktionen. Parameter A ist eine experimentelle, code-basierte Arbeit, die untersucht, wie sich Klang auf die Form von Buchstaben auswirkt. Mit einem systematischen Ansatz analysiere ich verschiedene Klänge und übersetze sie in audio-reaktive Typografie. Der spezifische Fokus auf den Buchstaben A schafft einen weiten Spielraum für visuelle Erkundungen und bildet den Ausgangspunkt für weitere Experimente. 
Scanne den QR-Code und folgen Sie den Anweisungen auf der Website. Have fun! 
Schreib mir eine Nachrit an hello@augustguccione.de oder @agucci.one, um ein Kartenspiel für 15 € zu erwerben.""";"""Parameter A is a classic card game with additional audiovisual AR features. It is an experimental, code-based study on how sound can influence letterforms. With a systematic approach, I analyze various sounds and translate them into audio-reactive typography. The specific focus on the letter A, creates a wide playground for visual exploration and sets a starting point for further studies. 
Scan the QR-code and follow the instructions to get the full audio-visual experience. 
Contact me at hello@augustguccione.de or @agucci.one to purchase a deck of cards (15€)""";
Bauhaus Inhouse;Philipp Koller;Mona Kerntke, Yasmina Khalil, Lea Sailer, Anna-Lena Welz;;;;;;;
